500,Tecate,25.00,18.00
501,Tisana,25.00,18.00
502,Café americano,18.00,12.60
503,Te helado,25.00,18.50
504,Pera Rostizada,89.00,75.65
505,Pan de Elote,40.00,29.60
506,Pacifico,30.00,21.90
507,Prímula Espresso,25.00,17.75
508,Cítricos,69.00,56.58
509,Arrachera del Chef,135.00,95.85
510,Salmón,84.00,63.00
511,Quesadillas Gobernador,78.00,60.06
512,Camarones al Coco,84.00,68.88
513,Mejillones Horneados,75.00,56.25
514,Espárragos Envueltos,78.00,63.18
515,Corona,30.00,24.90
516,Modelo,30.00,23.70
517,Naranjada,25.00,18.25
518,Capuccino,30.00,21.60
519,Esfera del Cheff,50.00,39.00
520,Strudel de Manzana,45.00,31.50
521,Lasagna Ratatouille,75.00,54.75
522,Limonada,25.00,20.00
523,Refresco,20.00,16.00
524,Victoria,30.00,21.30
525,Indio,25.00,21.25
526,Espresso,20.00,14.60
527,Pollo Silvestre,125.00,90.00
528,Margarita,105.00,73.50
529,Ensalada Prímula,80.00,68.00
530,Tacos Capeados,75.00,60.75
531,Tropical,125.00,91.25
532,Pasta 4 Quesos,69.00,53.13
533,Minerva,40.00,32.40
534,Italiana,123.00,88.56
535,Salmón Ahumado,135.00,105.30
536,Pay de Temporada,42.00,33.60
537,Vacío,164.00,132.84
538,Salmón al Pesto,174.00,121.80
539,Pasta Alfredo,67.00,55.61
540,Rollos Prímula,73.00,52.56
541,Atún Encostrado,178.00,145.96
542,Margret de Pato,198.00,150.48
543,Pannacotta Vainilla y Café,40.00,32.40
544,Pasta de Tomate Deshidratado,65.00,54.60
545,Brochetas Hawaiianas,74.00,56.98
546,Pesto & Camarón,125.00,105.00
547,Tiramisú,42.00,31.50
548,Camarones Momia,75.00,58.50
549,Tártara de atún/salmón Frescto,79.00,63.20
550,Del Cheff,135.00,112.05
551,Pizza Prímula,105.00,81.90
552,Mexicana,115.00,95.45
553,Tacos Arrachera,79.00,66.36
554,Del Huerto,65.00,54.60
555,Panela a la LeĄa,53.00,42.40
556,Portobello Confitado,64.00,53.76
557,Vino 3,670.00,415.40
558,Frutos del Bosque,83.00,69.72
559,Pollo al Pastor,115.00,94.30
560,Vino 10,708.00,431.88
561,Vino 4,410.00,270.60
562,Vino 9,647.00,478.78
563,Vino 5,758.00,553.34
564,Vino 2,545.00,397.85
565,Vino 8,383.00,256.61
566,Vino 7,748.00,501.16
567,Vino 6,715.00,536.25
568,Vino 1,587.00,422.64